,Rank,Name,county_name,city_state,state,2020_Pop,2010_Census,Change,Density_km,Area_km,Hispanic,White,Black,Native,Asian,Pacific,IncomePerCap,Poverty,Unemployment,pop_change,pop_change_per_year,est_pop_2011,est_pop_2012,est_pop_2013,est_pop_2014,est_pop_2015,est_pop_2016,est_pop_2017,est_pop_2018,est_pop_2019,City,State_Code,2018 total police force,total_employees,2018 police officers,2018 police civilians
0,1,New York,New York,New York_New York,New York,8323340,8190360,0.0162,10699,778,26.1,46.8,12.5,0.1,11.9,0.0,69529.0,17.3,6.2,132980,13298.0,8203658.0,8216956.0,8230254.0,8243552.0,8256850.0,8270148.0,8283446.0,8296744.0,8310042.0,New York,NY,8523171.0,52278.0,36134.0,16144.0
1,2,Los Angeles,Los Angeles,Los Angeles_California,California,4015940,3795370,0.0581,3306,1215,48.4,26.5,7.9,0.2,14.3,0.2,30798.0,17.0,7.8,220570,22057.0,3817427.0,3839484.0,3861541.0,3883598.0,3905655.0,3927712.0,3949769.0,3971826.0,3993883.0,Los Angeles,CA,4029741.0,13010.0,9974.0,3036.0
2,3,Chicago,Cook,Chicago_Illinois,Illinois,2694240,2697530,-0.0012,4575,589,25.1,42.7,23.4,0.1,6.9,0.0,33722.0,15.9,8.7,-3290,-329.0,2697201.0,2696872.0,2696543.0,2696214.0,2695885.0,2695556.0,2695227.0,2694898.0,2694569.0,Chicago,IL,2719151.0,14086.0,13138.0,948.0
3,4,Houston,Harris,Houston_Texas,Texas,2340890,2098450,0.1155,1412,1658,42.2,30.6,18.5,0.2,6.8,0.1,30856.0,16.8,6.4,242440,24244.0,2122694.0,2146938.0,2171182.0,2195426.0,2219670.0,2243914.0,2268158.0,2292402.0,2316646.0,Houston,TX,2344966.0,6258.0,5229.0,1029.0
4,5,Phoenix,Maricopa,Phoenix_Arizona,Arizona,1703080,1449300,0.1751,1270,1341,30.6,56.3,5.1,1.5,3.9,0.2,30186.0,15.7,6.0,253780,25378.0,1474678.0,1500056.0,1525434.0,1550812.0,1576190.0,1601568.0,1626946.0,1652324.0,1677702.0,Phoenix,AZ,1653080.0,3902.0,2919.0,983.0
5,6,Philadelphia,Philadelphia,Philadelphia_Pennsylvania,Pennsylvania,1591800,1528290,0.0416,4577,348,14.1,34.9,41.3,0.2,7.0,0.0,24811.0,25.8,11.3,63510,6351.0,1534641.0,1540992.0,1547343.0,1553694.0,1560045.0,1566396.0,1572747.0,1579098.0,1585449.0,Philadelphia,PA,1586916.0,7366.0,6577.0,789.0
6,7,San Antonio,Bexar,San Antonio_Texas,Texas,1578030,1332880,0.1839,1256,1256,59.8,28.4,7.0,0.2,2.6,0.1,26158.0,16.4,6.1,245150,24515.0,1357395.0,1381910.0,1406425.0,1430940.0,1455455.0,1479970.0,1504485.0,1529000.0,1553515.0,San Antonio,TX,1539328.0,2991.0,2352.0,639.0
7,8,San Diego,San Diego,San Diego_California,California,1447100,1305970,0.1081,1715,844,33.4,46.2,4.7,0.4,11.5,0.4,34350.0,13.3,7.1,141130,14113.0,1320083.0,1334196.0,1348309.0,1362422.0,1376535.0,1390648.0,1404761.0,1418874.0,1432987.0,San Diego,CA,1436495.0,2332.0,1731.0,601.0
8,9,Dallas,Dallas,Dallas_Texas,Texas,1382270,1200370,0.1515,1571,880,39.6,30.2,22.1,0.2,6.0,0.0,29810.0,17.7,5.9,181900,18190.0,1218560.0,1236750.0,1254940.0,1273130.0,1291320.0,1309510.0,1327700.0,1345890.0,1364080.0,Dallas,TX,1362465.0,3581.0,3007.0,574.0
9,10,San Jose,Santa Clara,San Jose_California,California,1033670,954492,0.083,2245,461,26.1,32.6,2.4,0.2,34.9,0.3,48689.0,8.6,5.7,79178,7917.8,962409.8,970327.6,978245.4,986163.2,994081.0,1001998.8,1009916.6,1017834.4,1025752.2,San Jose,CA,1047305.0,1550.0,1113.0,437.0
10,11,Austin,Travis,Austin_Texas,Texas,988218,806423,0.2254,1193,829,33.9,49.3,7.9,0.2,6.3,0.0,38820.0,13.9,4.5,181795,18179.5,824602.5,842782.0,860961.5,879141.0,897320.5,915500.0,933679.5,951859.0,970038.5,Austin,TX,973344.0,2422.0,1851.0,571.0
11,12,Fort Worth,Tarrant,Fort Worth_Texas,Texas,932116,748481,0.2453,1041,895,28.2,48.3,15.6,0.3,5.1,0.2,30857.0,13.5,5.4,183635,18363.5,766844.5,785208.0,803571.5,821935.0,840298.5,858662.0,877025.5,895389.0,913752.5,Fort Worth,TX,893756.0,2132.0,1694.0,438.0
12,13,Jacksonville,Duval,Jacksonville_Florida,Florida,926371,823123,0.1254,479,1936,9.0,54.1,29.3,0.2,4.6,0.1,28593.0,16.0,7.4,103248,10324.8,833447.8,843772.6,854097.4,864422.2,874747.0,885071.8,895396.6,905721.4,916046.2,Jacksonville,FL,903213.0,3032.0,1724.0,1308.0
13,14,Columbus,Franklin,Columbus_Ohio,Ohio,922223,790935,0.166,1624,568,5.2,64.5,21.7,0.1,4.8,0.0,31199.0,16.7,5.7,131288,13128.8,804063.8,817192.6,830321.4,843450.2,856579.0,869707.8,882836.6,895965.4,909094.2,Columbus,OH,892576.0,2255.0,1870.0,385.0
14,15,Charlotte,Mecklenburg,Charlotte_North Carolina,North Carolina,905318,738534,0.2258,1138,796,12.9,47.9,30.7,0.2,5.5,0.0,35669.0,13.4,6.8,166784,16678.4,755212.4,771890.8,788569.2,805247.6,821926.0,838604.4,855282.8,871961.2,888639.6,Charlotte,NC,931235.0,2342.0,1817.0,525.0
15,16,San Francisco,San Francisco,San Francisco_California,California,896047,805550,0.1123,7376,121,15.3,40.8,5.1,0.2,33.9,0.3,59508.0,11.7,5.4,90497,9049.7,814599.7,823649.4,832699.1,841748.8,850798.5,859848.2,868897.9,877947.6,886997.3,San Francisco,CA,889282.0,2913.0,2306.0,607.0
16,17,Indianapolis,Marion,Indianapolis_Indiana,Indiana,875929,821555,0.0662,935,936,10.1,56.7,27.2,0.2,2.9,0.0,26284.0,19.8,8.0,54374,5437.4,826992.4,832429.8,837867.2,843304.6,848742.0,854179.4,859616.8,865054.2,870491.6,Indianapolis,IN,877584.0,3153.0,2616.0,537.0
17,18,Seattle,King,Seattle_Washington,Washington,783137,610639,0.2825,3606,217,9.5,61.4,6.0,0.5,16.5,0.8,46316.0,10.2,5.0,172498,17249.8,627888.8,645138.6,662388.4,679638.2,696888.0,714137.8,731387.6,748637.4,765887.2,Seattle,WA,742759.0,1954.0,1420.0,534.0
18,19,Denver,Denver,Denver_Colorado,Colorado,734134,603354,0.2168,1849,397,30.5,53.6,9.2,0.5,3.5,0.1,38991.0,15.1,4.5,130780,13078.0,616432.0,629510.0,642588.0,655666.0,668744.0,681822.0,694900.0,707978.0,721056.0,Denver,CO,720745.0,1824.0,1517.0,307.0
19,20,Washington,District of Columbia,Washington_District of Columbia,District of Columbia,720687,605085,0.1911,4552,158,10.7,36.0,46.9,0.2,3.7,0.0,50832.0,17.4,8.0,115602,11560.2,616645.2,628205.4,639765.6,651325.8,662886.0,674446.2,686006.4,697566.6,709126.8,Washington,DC,702455.0,4520.0,3841.0,679.0
20,21,Boston,Suffolk,Boston_Massachusetts,Massachusetts,710195,621074,0.1435,5673,125,22.3,45.5,20.2,0.2,8.6,0.0,38031.0,19.6,7.1,89121,8912.1,629986.1,638898.2,647810.3,656722.4,665634.5,674546.6,683458.7,692370.8,701282.9,Boston,MA,694673.0,2715.0,2122.0,593.0
21,22,El Paso,El Paso,El Paso_Texas,Texas,685575,650708,0.0536,1028,667,82.2,12.4,3.0,0.3,1.1,0.1,19950.0,21.7,7.0,34867,3486.7,654194.7,657681.4,661168.1,664654.8,668141.5,671628.2,675114.9,678601.6,682088.3,El Paso,TX,688442.0,1341.0,1103.0,238.0
22,23,Nashville,Davidson,Nashville_Tennessee,Tennessee,673167,604587,0.1134,547,1232,10.1,56.4,27.3,0.3,3.5,0.1,32347.0,16.9,5.3,68580,6858.0,611445.0,618303.0,625161.0,632019.0,638877.0,645735.0,652593.0,659451.0,666309.0,Nashville,TN,686492.0,1757.0,1435.0,322.0
23,24,Detroit,Wayne,Detroit_Michigan,Michigan,667272,711120,-0.0617,1857,359,5.7,49.7,38.9,0.3,3.1,0.0,24847.0,23.7,11.6,-43848,-4384.8,706735.2,702350.4,697965.6,693580.8,689196.0,684811.2,680426.4,676041.6,671656.8,Detroit,MI,671275.0,3019.0,2398.0,621.0
24,25,Portland,Multnomah,Portland_Oregon,Oregon,664103,585436,0.1344,1922,346,11.3,70.5,5.3,0.6,7.0,0.6,34848.0,16.4,6.8,78667,7866.7,593302.7,601169.4,609036.1,616902.8,624769.5,632636.2,640502.9,648369.6,656236.3,Portland,OR,657260.0,1177.0,922.0,255.0
25,26,Las Vegas,Clark,Las Vegas_Nevada,Nevada,662000,584606,0.1324,1803,367,30.7,44.1,10.8,0.4,9.5,0.7,27719.0,14.6,8.3,77394,7739.4,592345.4,600084.8,607824.2,615563.6,623303.0,631042.4,638781.8,646521.2,654260.6,Las Vegas,NV,1644390.0,4535.0,2962.0,1573.0
26,27,Oklahoma City,Oklahoma,Oklahoma City_Oklahoma,Oklahoma,655407,582285,0.1256,417,1571,16.8,56.8,14.8,2.5,3.3,0.1,29127.0,17.0,5.2,73122,7312.2,589597.2,596909.4,604221.6,611533.8,618846.0,626158.2,633470.4,640782.6,648094.8,Oklahoma City,OK,652936.0,1382.0,1102.0,280.0
27,28,Memphis,Shelby,Memphis_Tennessee,Tennessee,647374,652309,-0.0076,788,822,6.1,36.5,53.2,0.1,2.5,0.0,28117.0,20.8,8.6,-4935,-493.5,651815.5,651322.0,650828.5,650335.0,649841.5,649348.0,648854.5,648361.0,647867.5,Memphis,TN,652226.0,2605.0,1995.0,610.0
28,29,Louisville,Jefferson,Louisville_Kentucky,Kentucky,624890,596155,0.0482,916,682,5.0,68.5,21.0,0.1,2.7,0.0,31039.0,15.0,6.4,28735,2873.5,599028.5,601902.0,604775.5,607649.0,610522.5,613396.0,616269.5,619143.0,622016.5,Louisville,KY,682005.0,1538.0,1246.0,292.0
29,30,Baltimore,Baltimore,Baltimore_Maryland,Maryland,590479,621005,-0.0492,2816,210,5.1,58.7,27.5,0.2,5.9,0.0,37270.0,9.1,5.5,-30526,-3052.6,617952.4,614899.8,611847.2,608794.6,605742.0,602689.4,599636.8,596584.2,593531.6,Baltimore,MD,605436.0,2935.0,2488.0,447.0
30,31,Milwaukee,Milwaukee,Milwaukee_Wisconsin,Wisconsin,585589,594881,-0.0156,2351,249,14.6,52.2,26.1,0.5,4.1,0.0,26933.0,20.5,7.1,-9292,-929.2,593951.8,593022.6,592093.4,591164.2,590235.0,589305.8,588376.6,587447.4,586518.2,Milwaukee,WI,595619.0,2305.0,1851.0,454.0
31,32,Albuquerque,Bernalillo,Albuquerque_New Mexico,New Mexico,561188,546806,0.0263,1157,485,49.5,39.5,2.5,4.0,2.3,0.1,28340.0,18.0,6.7,14382,1438.2,548244.2,549682.4,551120.6,552558.8,553997.0,555435.2,556873.4,558311.6,559749.8,Albuquerque,NM,558874.0,864.0,864.0,
32,33,Tucson,Pima,Tucson_Arizona,Arizona,553871,527167,0.0507,898,616,36.6,52.6,3.2,2.4,2.6,0.1,27323.0,18.3,8.4,26704,2670.4,529837.4,532507.8,535178.2,537848.6,540519.0,543189.4,545859.8,548530.2,551200.6,Tucson,AZ,537392.0,1015.0,807.0,208.0
33,34,Fresno,Fresno,Fresno_California,California,538195,497721,0.0813,1811,297,52.4,30.2,4.7,0.4,9.9,0.1,22234.0,25.4,10.4,40474,4047.4,501768.4,505815.8,509863.2,513910.6,517958.0,522005.4,526052.8,530100.2,534147.6,Fresno,CA,531818.0,1063.0,811.0,252.0
34,35,Mesa,Maricopa,Mesa_Arizona,Arizona,527666,440995,0.1965,1475,358,30.6,56.3,5.1,1.5,3.9,0.2,30186.0,15.7,6.0,86671,8667.1,449662.1,458329.2,466996.3,475663.4,484330.5,492997.6,501664.7,510331.8,518998.9,Mesa,AZ,504873.0,1202.0,779.0,423.0
35,36,Atlanta,Fulton,Atlanta_Georgia,Georgia,523738,429193,0.2203,1490,352,7.4,39.9,43.6,0.2,6.7,0.0,41041.0,16.0,7.7,94545,9454.5,438647.5,448102.0,457556.5,467011.0,476465.5,485920.0,495374.5,504829.0,514283.5,Atlanta,GA,496106.0,1987.0,1535.0,452.0
36,37,Sacramento,Sacramento,Sacramento_California,California,521769,467302,0.1166,2061,253,22.8,45.7,9.5,0.4,15.1,1.1,29693.0,16.7,8.8,54467,5446.7,472748.7,478195.4,483642.1,489088.8,494535.5,499982.2,505428.9,510875.6,516322.3,Sacramento,CA,507037.0,948.0,651.0,297.0
37,38,Kansas City,Jackson,Kansas City_Missouri,Missouri,505198,460737,0.0965,619,816,8.8,62.5,23.4,0.4,1.8,0.3,28965.0,15.9,5.7,44461,4446.1,465183.1,469629.2,474075.3,478521.4,482967.5,487413.6,491859.7,496305.8,500751.9,Kansas City,MO,493115.0,1819.0,1299.0,520.0
38,39,Miami,Miami-Dade,Miami_Florida,Florida,486388,400841,0.2134,5217,93,67.5,13.7,16.3,0.1,1.5,0.0,25481.0,19.0,7.4,85547,8554.7,409395.7,417950.4,426505.1,435059.8,443614.5,452169.2,460723.9,469278.6,477833.3,Miami,FL,473047.0,1741.0,1309.0,432.0
39,40,Colorado Springs,El Paso,Colorado Springs_Colorado,Colorado,485946,420544,0.1555,962,505,16.5,69.9,5.8,0.4,2.7,0.4,31217.0,11.1,6.8,65402,6540.2,427084.2,433624.4,440164.6,446704.8,453245.0,459785.2,466325.4,472865.6,479405.8,Colorado Springs,CO,471124.0,995.0,702.0,293.0
40,41,Raleigh,Wake,Raleigh_North Carolina,North Carolina,481958,406355,0.1861,1276,378,10.0,60.6,20.0,0.3,6.4,0.0,37315.0,10.1,4.9,75603,7560.3,413915.3,421475.6,429035.9,436596.2,444156.5,451716.8,459277.1,466837.4,474397.7,Raleigh,NC,473765.0,855.0,732.0,123.0
41,42,Omaha,Douglas,Omaha_Nebraska,Nebraska,470702,450887,0.0439,1289,365,12.2,70.2,10.9,0.3,3.4,0.0,32023.0,13.5,4.4,19815,1981.5,452868.5,454850.0,456831.5,458813.0,460794.5,462776.0,464757.5,466739.0,468720.5,Omaha,NE,469351.0,1016.0,879.0,137.0
42,43,Long Beach,Los Angeles,Long Beach_California,California,463218,462440,0.0017,3528,131,48.4,26.5,7.9,0.2,14.3,0.2,30798.0,17.0,7.8,778,77.8,462517.8,462595.6,462673.4,462751.2,462829.0,462906.8,462984.6,463062.4,463140.2,Long Beach,CA,470445.0,1164.0,824.0,340.0
43,44,Virginia Beach,Virginia Beach,Virginia Beach_Virginia,Virginia,447841,438855,0.0205,707,634,,,,,,,,,,8986,898.6,439753.6,440652.2,441550.8,442449.4,443348.0,444246.6,445145.2,446043.8,446942.4,,,,,,
44,45,Minneapolis,Hennepin,Minneapolis_Minnesota,Minnesota,437069,383067,0.141,3125,140,6.9,69.5,12.5,0.5,7.0,0.0,41794.0,11.5,4.6,54002,5400.2,388467.2,393867.4,399267.6,404667.8,410068.0,415468.2,420868.4,426268.6,431668.8,Minneapolis,MN,428261.0,1037.0,849.0,188.0
45,46,Oakland,Alameda,Oakland_California,California,435224,391449,0.1118,3006,145,22.5,32.2,10.7,0.3,28.7,0.8,41363.0,11.3,6.0,43775,4377.5,395826.5,400204.0,404581.5,408959.0,413336.5,417714.0,422091.5,426469.0,430846.5,Oakland,CA,430230.0,1010.0,731.0,279.0
46,47,Tampa,Hillsborough,Tampa_Florida,Florida,413704,337062,0.2274,1401,295,27.4,50.3,15.5,0.2,3.9,0.1,29806.0,15.7,6.8,76642,7664.2,344726.2,352390.4,360054.6,367718.8,375383.0,383047.2,390711.4,398375.6,406039.8,Tampa,FL,392945.0,1206.0,946.0,260.0
47,48,Arlington,Tarrant,Arlington_Texas,Texas,402762,366136,0.1,1624,248,28.2,48.3,15.6,0.3,5.1,0.2,30857.0,13.5,5.4,36626,3662.6,369798.6,373461.2,377123.8,380786.4,384449.0,388111.6,391774.2,395436.8,399099.4,Arlington,TX,400920.0,871.0,673.0,198.0
48,49,Tulsa,Tulsa,Tulsa_Oklahoma,Oklahoma,396543,392421,0.0105,775,511,12.1,63.0,9.8,4.4,3.0,0.1,29797.0,15.5,5.9,4122,412.2,392833.2,393245.4,393657.6,394069.8,394482.0,394894.2,395306.4,395718.6,396130.8,Tulsa,OK,403147.0,987.0,807.0,180.0
49,50,Bakersfield,Kern,Bakersfield_California,California,390233,349408,0.1168,1006,388,52.2,35.4,5.1,0.5,4.5,0.1,21716.0,22.6,10.9,40825,4082.5,353490.5,357573.0,361655.5,365738.0,369820.5,373903.0,377985.5,382068.0,386150.5,Bakersfield,CA,385609.0,537.0,398.0,139.0
50,51,New Orleans,Orleans,New Orleans_Louisiana,Louisiana,390128,347770,0.1218,889,439,,,,,,,,,,42358,4235.8,352005.8,356241.6,360477.4,364713.2,368949.0,373184.8,377420.6,381656.4,385892.2,New Orleans,LA,396374.0,1457.0,1209.0,248.0
51,52,Wichita,Sedgwick,Wichita_Kansas,Kansas,388771,382726,0.0158,929,419,14.1,68.6,8.8,0.6,4.3,0.0,27583.0,14.7,5.6,6045,604.5,383330.5,383935.0,384539.5,385144.0,385748.5,386353.0,386957.5,387562.0,388166.5,Wichita,KS,391726.0,824.0,648.0,176.0
52,53,Aurora,Adams,Aurora_Colorado,Colorado,382742,326073,0.1738,958,400,39.3,51.1,3.0,0.5,3.8,0.1,27487.0,12.2,5.1,56669,5666.9,331739.9,337406.8,343073.7,348740.6,354407.5,360074.4,365741.3,371408.2,377075.1,Aurora,CO,372824.0,857.0,723.0,134.0
53,54,Cleveland,Cuyahoga,Cleveland_Ohio,Ohio,379233,395890,-0.0421,1885,201,5.6,59.7,29.3,0.1,2.8,0.0,30441.0,18.3,8.9,-16657,-1665.7,394224.3,392558.6,390892.9,389227.2,387561.5,385895.8,384230.1,382564.4,380898.7,Cleveland,OH,384666.0,1675.0,1462.0,213.0
54,55,Anaheim,Orange,Anaheim_California,California,352911,337106,0.0469,2708,130,34.2,41.4,1.6,0.2,19.5,0.3,37603.0,12.1,5.8,15805,1580.5,338686.5,340267.0,341847.5,343428.0,345008.5,346589.0,348169.5,349750.0,351330.5,Anaheim,CA,354743.0,597.0,419.0,178.0
55,56,Honolulu,Honolulu,Honolulu_Hawaii,Hawaii,342933,339143,0.0112,2187,157,9.6,18.7,2.2,0.1,41.8,8.7,33776.0,9.1,4.5,3790,379.0,339522.0,339901.0,340280.0,340659.0,341038.0,341417.0,341796.0,342175.0,342554.0,Honolulu,HI,982019.0,2434.0,1942.0,492.0
56,57,Riverside,Riverside,Riverside_California,California,336285,305568,0.1005,1598,210,48.0,36.6,6.0,0.4,6.1,0.3,25700.0,15.6,9.9,30717,3071.7,308639.7,311711.4,314783.1,317854.8,320926.5,323998.2,327069.9,330141.6,333213.3,Riverside,CA,331022.0,522.0,370.0,152.0
57,58,San Juan,San Juan,San Juan_Puerto Rico,Puerto Rico,331165,381931,-0.1329,3234,102,,,,,,,,,,-50766,-5076.6,376854.4,371777.8,366701.2,361624.6,356548.0,351471.4,346394.8,341318.2,336241.6,,,,,,
58,59,Santa Ana,Orange,Santa Ana_California,California,330389,325340,0.0155,4662,71,34.2,41.4,1.6,0.2,19.5,0.3,37603.0,12.1,5.8,5049,504.9,325844.9,326349.8,326854.7,327359.6,327864.5,328369.4,328874.3,329379.2,329884.1,Santa Ana,CA,335403.0,533.0,313.0,220.0
59,60,Henderson,Clark,Henderson_Nevada,Nevada,330084,257532,0.2817,1201,275,30.7,44.1,10.8,0.4,9.5,0.7,27719.0,14.6,8.3,72552,7255.2,264787.2,272042.4,279297.6,286552.8,293808.0,301063.2,308318.4,315573.6,322828.8,Henderson,NV,309586.0,664.0,380.0,284.0
60,61,Lexington,Fayette,Lexington_Kentucky,Kentucky,328690,296847,0.1073,447,735,7.0,71.8,14.3,0.2,3.6,0.0,31653.0,18.6,6.1,31843,3184.3,300031.3,303215.6,306399.9,309584.2,312768.5,315952.8,319137.1,322321.4,325505.7,Lexington,KY,325579.0,701.0,611.0,90.0
61,62,Corpus Christi,Nueces,Corpus Christi_Texas,Texas,325406,305281,0.0659,787,414,63.0,30.3,3.6,0.2,1.9,0.1,26780.0,16.7,5.9,20125,2012.5,307293.5,309306.0,311318.5,313331.0,315343.5,317356.0,319368.5,321381.0,323393.5,Corpus Christi,TX,328614.0,652.0,443.0,209.0
62,63,Stockton,San Joaquin,Stockton_California,California,316996,292446,0.0839,1969,161,40.8,33.2,6.7,0.2,14.8,0.5,24694.0,17.1,10.1,24550,2455.0,294901.0,297356.0,299811.0,302266.0,304721.0,307176.0,309631.0,312086.0,314541.0,Stockton,CA,313158.0,671.0,469.0,202.0
63,64,St. Paul,Ramsey,St. Paul_Minnesota,Minnesota,311895,285465,0.0926,2317,135,7.4,63.1,11.2,0.5,14.0,0.0,32544.0,15.0,5.5,26430,2643.0,288108.0,290751.0,293394.0,296037.0,298680.0,301323.0,303966.0,306609.0,309252.0,St. Paul,MN,309756.0,768.0,631.0,137.0
64,65,Cincinnati,Hamilton,Cincinnati_Ohio,Ohio,306487,296837,0.0325,1520,202,3.0,65.9,25.6,0.1,2.4,0.1,32638.0,17.0,7.0,9650,965.0,297802.0,298767.0,299732.0,300697.0,301662.0,302627.0,303592.0,304557.0,305522.0,Cincinnati,OH,301952.0,1167.0,1032.0,135.0
65,66,Irvine,Orange,Irvine_California,California,303956,213392,0.4244,1788,170,34.2,41.4,1.6,0.2,19.5,0.3,37603.0,12.1,5.8,90564,9056.4,222448.4,231504.8,240561.2,249617.6,258674.0,267730.4,276786.8,285843.2,294899.6,Irvine,CA,288052.0,310.0,216.0,94.0
66,67,Greensboro,Guilford,Greensboro_North Carolina,North Carolina,299946,269587,0.1126,897,334,7.7,51.4,33.3,0.4,4.8,0.0,28582.0,16.7,6.6,30359,3035.9,272622.9,275658.8,278694.7,281730.6,284766.5,287802.4,290838.3,293874.2,296910.1,Greensboro,NC,293298.0,781.0,630.0,151.0
67,68,Pittsburgh,Allegheny,Pittsburgh_Pennsylvania,Pennsylvania,294860,305410,-0.0345,2056,143,2.0,79.1,12.7,0.1,3.5,0.0,35280.0,12.5,5.9,-10550,-1055.0,304355.0,303300.0,302245.0,301190.0,300135.0,299080.0,298025.0,296970.0,295915.0,Pittsburgh,PA,302544.0,999.0,950.0,49.0
68,69,Lincoln,Lancaster,Lincoln_Nebraska,Nebraska,293905,259261,0.1336,1179,249,6.7,82.1,3.9,0.4,4.2,0.1,29901.0,14.0,3.9,34644,3464.4,262725.4,266189.8,269654.2,273118.6,276583.0,280047.4,283511.8,286976.2,290440.6,Lincoln,NE,288589.0,479.0,344.0,135.0
69,70,St. Louis,St. Louis,St. Louis_Missouri,Missouri,293792,319318,-0.0799,1837,160,2.8,66.9,23.7,0.2,4.0,0.0,38081.0,9.8,5.9,-25526,-2552.6,316765.4,314212.8,311660.2,309107.6,306555.0,304002.4,301449.8,298897.2,296344.6,St. Louis,MO,306875.0,1608.0,1189.0,419.0
70,71,Orlando,Orange,Orlando_Florida,Florida,291739,239308,0.2191,1019,286,30.2,41.6,19.9,0.1,5.1,0.0,27394.0,16.7,6.8,52431,5243.1,244551.1,249794.2,255037.3,260280.4,265523.5,270766.6,276009.7,281252.8,286495.9,Orlando,FL,286679.0,944.0,729.0,215.0
71,72,Plano,Collin,Plano_Texas,Texas,288539,261222,0.1046,1554,186,15.1,59.1,9.2,0.3,13.5,0.1,41609.0,6.9,4.3,27317,2731.7,263953.7,266685.4,269417.1,272148.8,274880.5,277612.2,280343.9,283075.6,285807.3,Plano,TX,289897.0,585.0,408.0,177.0
72,73,Anchorage,Anchorage,Anchorage_Alaska,Alaska,285634,293310,-0.0262,65,4421,,,,,,,,,,-7676,-767.6,292542.4,291774.8,291007.2,290239.6,289472.0,288704.4,287936.8,287169.2,286401.6,Anchorage,AK,291992.0,574.0,427.0,147.0
73,74,Newark,Essex,Newark_New Jersey,New Jersey,282862,277158,0.0206,4524,63,22.4,31.1,38.8,0.1,5.1,0.0,35133.0,16.7,10.4,5704,570.4,277728.4,278298.8,278869.2,279439.6,280010.0,280580.4,281150.8,281721.2,282291.6,Newark,NJ,282258.0,1490.0,1155.0,335.0
74,75,Durham,Durham,Durham_North Carolina,North Carolina,282737,230710,0.2255,973,291,13.5,42.1,36.9,0.2,4.7,0.0,33151.0,16.4,5.8,52027,5202.7,235912.7,241115.4,246318.1,251520.8,256723.5,261926.2,267128.9,272331.6,277534.3,Durham,NC,273759.0,641.0,530.0,111.0
75,76,Chula Vista,San Diego,Chula Vista_California,California,277289,244656,0.1334,2157,129,33.4,46.2,4.7,0.4,11.5,0.4,34350.0,13.3,7.1,32633,3263.3,247919.3,251182.6,254445.9,257709.2,260972.5,264235.8,267499.1,270762.4,274025.7,Chula Vista,CA,274370.0,305.0,221.0,84.0
76,77,St. Petersburg,Pinellas,St. Petersburg_Florida,Florida,271842,245226,0.1085,1697,160,9.2,74.7,10.0,0.2,3.3,0.1,32120.0,13.7,6.4,26616,2661.6,247887.6,250549.2,253210.8,255872.4,258534.0,261195.6,263857.2,266518.8,269180.4,St. Petersburg,FL,265942.0,781.0,549.0,232.0
77,78,Jersey City,Hudson,Jersey City_New Jersey,New Jersey,271099,248363,0.0915,7100,38,43.2,28.8,10.8,0.1,15.0,0.1,35910.0,17.1,7.1,22736,2273.6,250636.6,252910.2,255183.8,257457.4,259731.0,262004.6,264278.2,266551.8,268825.4,Jersey City,NJ,270175.0,955.0,886.0,69.0
78,79,Fort Wayne,Allen,Fort Wayne_Indiana,Indiana,270989,254162,0.0662,946,287,7.2,74.6,11.3,0.2,3.5,0.0,26932.0,14.7,6.3,16827,1682.7,255844.7,257527.4,259210.1,260892.8,262575.5,264258.2,265940.9,267623.6,269306.3,Fort Wayne,IN,267634.0,531.0,470.0,61.0
79,80,Toledo,Lucas,Toledo_Ohio,Ohio,270651,287030,-0.0571,1298,208,6.8,69.4,18.7,0.2,1.7,0.0,27111.0,19.8,8.5,-16379,-1637.9,285392.1,283754.2,282116.3,280478.4,278840.5,277202.6,275564.7,273926.8,272288.9,Toledo,OH,275023.0,686.0,590.0,96.0
80,81,Chandler,Maricopa,Chandler_Arizona,Arizona,268675,236479,0.1361,1593,169,30.6,56.3,5.1,1.5,3.9,0.2,30186.0,15.7,6.0,32196,3219.6,239698.6,242918.2,246137.8,249357.4,252577.0,255796.6,259016.2,262235.8,265455.4,Chandler,AZ,255986.0,494.0,332.0,162.0
81,82,Laredo,Webb,Laredo_Texas,Texas,264703,236859,0.1176,967,274,95.5,3.5,0.3,0.1,0.5,0.0,16316.0,31.5,5.7,27844,2784.4,239643.4,242427.8,245212.2,247996.6,250781.0,253565.4,256349.8,259134.2,261918.6,,,,,,
82,83,Madison,Dane,Madison_Wisconsin,Wisconsin,264030,233716,0.1297,1285,205,6.3,80.2,5.0,0.2,5.6,0.0,37193.0,12.4,3.8,30314,3031.4,236747.4,239778.8,242810.2,245841.6,248873.0,251904.4,254935.8,257967.2,260998.6,Madison,WI,258455.0,595.0,482.0,113.0
83,84,Scottsdale,Maricopa,Scottsdale_Arizona,Arizona,262222,217615,0.205,550,477,30.6,56.3,5.1,1.5,3.9,0.2,30186.0,15.7,6.0,44607,4460.7,222075.7,226536.4,230997.1,235457.8,239918.5,244379.2,248839.9,253300.6,257761.3,Scottsdale,AZ,254961.0,608.0,381.0,227.0
84,85,Lubbock,Lubbock,Lubbock_Texas,Texas,260823,230796,0.1301,747,349,34.5,54.5,6.9,0.4,2.1,0.1,26196.0,18.8,4.8,30027,3002.7,233798.7,236801.4,239804.1,242806.8,245809.5,248812.2,251814.9,254817.6,257820.3,Lubbock,TX,257372.0,534.0,432.0,102.0
85,86,Reno,Washoe,Reno_Nevada,Nevada,260258,225750,0.1529,924,282,23.9,63.7,2.1,1.3,5.2,0.6,31879.0,13.3,6.8,34508,3450.8,229200.8,232651.6,236102.4,239553.2,243004.0,246454.8,249905.6,253356.4,256807.2,Reno,NV,252341.0,386.0,320.0,66.0
86,87,Gilbert,Maricopa,Gilbert_Arizona,Arizona,258935,209435,0.2364,1460,177,30.6,56.3,5.1,1.5,3.9,0.2,30186.0,15.7,6.0,49500,4950.0,214385.0,219335.0,224285.0,229235.0,234185.0,239135.0,244085.0,249035.0,253985.0,Gilbert,AZ,247463.0,386.0,232.0,154.0
87,88,Buffalo,Erie,Buffalo_New York,New York,255244,261301,-0.0232,2441,105,5.2,76.0,13.0,0.4,3.4,0.0,31083.0,14.9,5.5,-6057,-605.7,260695.3,260089.6,259483.9,258878.2,258272.5,257666.8,257061.1,256455.4,255849.7,Buffalo,NY,258219.0,973.0,784.0,189.0
88,89,Glendale,Maricopa,Glendale_Arizona,Arizona,254500,226168,0.1253,1595,160,30.6,56.3,5.1,1.5,3.9,0.2,30186.0,15.7,6.0,28332,2833.2,229001.2,231834.4,234667.6,237500.8,240334.0,243167.2,246000.4,248833.6,251666.8,Glendale,AZ,249799.0,561.0,426.0,135.0
89,90,North Las Vegas,Clark,North Las Vegas_Nevada,Nevada,253923,216843,0.171,1000,254,30.7,44.1,10.8,0.4,9.5,0.7,27719.0,14.6,8.3,37080,3708.0,220551.0,224259.0,227967.0,231675.0,235383.0,239091.0,242799.0,246507.0,250215.0,North Las Vegas,NV,246951.0,420.0,296.0,124.0
90,91,Winston-Salem,Forsyth,Winston-Salem_North Carolina,North Carolina,251762,230033,0.0945,733,343,12.6,57.3,25.7,0.2,2.2,0.1,28640.0,18.7,6.9,21729,2172.9,232205.9,234378.8,236551.7,238724.6,240897.5,243070.4,245243.3,247416.2,249589.1,Winston-Salem,NC,246759.0,686.0,502.0,184.0
91,92,Chesapeake,Chesapeake,Chesapeake_Virginia,Virginia,248106,223550,0.1098,283,877,,,,,,,,,,24556,2455.6,226005.6,228461.2,230916.8,233372.4,235828.0,238283.6,240739.2,243194.8,245650.4,Chesapeake,VA,242310.0,519.0,373.0,146.0
92,93,Garland,Dallas,Garland_Texas,Texas,246627,227355,0.0848,1669,148,39.6,30.2,22.1,0.2,6.0,0.0,29810.0,17.7,5.9,19272,1927.2,229282.2,231209.4,233136.6,235063.8,236991.0,238918.2,240845.4,242772.6,244699.8,Garland,TX,239577.0,471.0,344.0,127.0
93,94,Irving,Dallas,Irving_Texas,Texas,243738,216867,0.1239,1403,174,39.6,30.2,22.1,0.2,6.0,0.0,29810.0,17.7,5.9,26871,2687.1,219554.1,222241.2,224928.3,227615.4,230302.5,232989.6,235676.7,238363.8,241050.9,Irving,TX,243940.0,530.0,354.0,176.0
94,95,Hialeah,Miami-Dade,Hialeah_Florida,Florida,243208,225460,0.0787,4351,56,67.5,13.7,16.3,0.1,1.5,0.0,25481.0,19.0,7.4,17748,1774.8,227234.8,229009.6,230784.4,232559.2,234334.0,236108.8,237883.6,239658.4,241433.2,Hialeah,FL,241778.0,335.0,269.0,66.0
95,96,Norfolk,Norfolk,Norfolk_Virginia,Virginia,242234,242998,-0.0031,1756,138,,,,,,,,,,-764,-76.4,242921.6,242845.2,242768.8,242692.4,242616.0,242539.6,242463.2,242386.8,242310.4,Norfolk,VA,244347.0,801.0,702.0,99.0
96,97,Fremont,Alameda,Fremont_California,California,239525,214561,0.1163,1194,201,22.5,32.2,10.7,0.3,28.7,0.8,41363.0,11.3,6.0,24964,2496.4,217057.4,219553.8,222050.2,224546.6,227043.0,229539.4,232035.8,234532.2,237028.6,Fremont,CA,238024.0,278.0,181.0,97.0
97,98,Boise,Ada,Boise_Idaho,Idaho,234576,209578,0.1193,1082,217,7.9,85.2,1.2,0.4,2.6,0.1,31642.0,11.8,4.3,24998,2499.8,212077.8,214577.6,217077.4,219577.2,222077.0,224576.8,227076.6,229576.4,232076.2,Boise,ID,229265.0,376.0,292.0,84.0
98,99,Paradise,Clark,Paradise_Nevada,Nevada,233689,223167,0.0471,1931,121,30.7,44.1,10.8,0.4,9.5,0.7,27719.0,14.6,8.3,10522,1052.2,224219.2,225271.4,226323.6,227375.8,228428.0,229480.2,230532.4,231584.6,232636.8,,,,,,
99,100,Richmond,Richmond,Richmond_Virginia,Virginia,232055,204256,0.1361,1495,155,6.6,60.9,25.7,0.3,2.0,0.0,19728.0,17.4,6.4,27799,2779.9,207035.9,209815.8,212595.7,215375.6,218155.5,220935.4,223715.3,226495.2,229275.1,Richmond,VA,229927.0,841.0,737.0,104.0
100,101,Arlington,Arlington,Arlington_Virginia,Virginia,231803,207627,0.1164,3443,67,15.5,62.3,8.5,0.3,10.2,0.1,67061.0,8.2,3.2,24176,2417.6,210044.6,212462.2,214879.8,217297.4,219715.0,222132.6,224550.2,226967.8,229385.4,,,,,,
101,102,Spokane,Spokane,Spokane_Washington,Washington,223266,209523,0.0656,1254,178,5.4,85.3,1.6,1.2,2.2,0.5,28325.0,15.2,6.3,13743,1374.3,210897.3,212271.6,213645.9,215020.2,216394.5,217768.8,219143.1,220517.4,221891.7,Spokane,WA,218222.0,410.0,326.0,84.0
102,103,Tacoma,Pierce,Tacoma_Washington,Washington,222603,198227,0.12300000000000001,1727,129,10.4,68.0,6.5,1.0,6.0,1.4,31157.0,12.2,6.9,24376,2437.6,200664.6,203102.2,205539.8,207977.4,210415.0,212852.6,215290.2,217727.8,220165.4,Tacoma,WA,215687.0,386.0,346.0,40.0
103,104,Modesto,Stanislaus,Modesto_California,California,218758,203314,0.076,1965,111,45.0,43.4,2.5,0.4,5.4,0.6,24007.0,17.2,11.8,15444,1544.4,204858.4,206402.8,207947.2,209491.6,211036.0,212580.4,214124.8,215669.2,217213.6,Modesto,CA,215822.0,301.0,217.0,84.0
104,105,Fontana,San Bernardino,Fontana_California,California,218573,197342,0.1076,1959,112,52.3,29.8,8.0,0.3,6.7,0.3,22867.0,18.2,9.9,21231,2123.1,199465.1,201588.2,203711.3,205834.4,207957.5,210080.6,212203.7,214326.8,216449.9,Fontana,CA,213964.0,290.0,183.0,107.0
105,106,Des Moines,Polk,Des Moines_Iowa,Iowa,217891,205004,0.0629,954,228,8.1,78.5,6.3,0.2,4.3,0.1,33524.0,11.7,4.7,12887,1288.7,206292.7,207581.4,208870.1,210158.8,211447.5,212736.2,214024.9,215313.6,216602.3,Des Moines,IA,516853.0,465.0,362.0,103.0
106,107,San Bernardino,San Bernardino,San Bernardino_California,California,217671,209853,0.0373,1353,161,52.3,29.8,8.0,0.3,6.7,0.3,22867.0,18.2,9.9,7818,781.8,210634.8,211416.6,212198.4,212980.2,213762.0,214543.8,215325.6,216107.4,216889.2,San Bernardino,CA,217986.0,394.0,238.0,156.0
107,108,Baton Rouge,East Baton Rouge,Baton Rouge_Louisiana,Louisiana,216701,229369,-0.0552,968,224,,,,,,,,,,-12668,-1266.8,228102.2,226835.4,225568.6,224301.8,223035.0,221768.2,220501.4,219234.6,217967.8,Baton Rouge,LA,224790.0,795.0,631.0,164.0
108,109,Frisco,Collin,Frisco_Texas,Texas,215060,118192,0.8196,1219,176,15.1,59.1,9.2,0.3,13.5,0.1,41609.0,6.9,4.3,96868,9686.8,127878.8,137565.6,147252.4,156939.2,166626.0,176312.8,185999.59999999998,195686.4,205373.2,Frisco,TX,187889.0,285.0,186.0,99.0
109,110,Salt Lake City,Salt Lake,Salt Lake City_Utah,Utah,213367,186571,0.1436,744,287,17.9,72.1,1.7,0.6,3.9,1.5,30134.0,10.4,4.3,26796,2679.6,189250.6,191930.2,194609.8,197289.4,199969.0,202648.6,205328.2,208007.8,210687.4,Salt Lake City,UT,202633.0,583.0,474.0,109.0
110,111,Moreno Valley,Riverside,Moreno Valley_California,California,212992,194241,0.0965,1604,133,48.0,36.6,6.0,0.4,6.1,0.3,25700.0,15.6,9.9,18751,1875.1,196116.1,197991.2,199866.3,201741.4,203616.5,205491.6,207366.7,209241.8,211116.9,,,,,,
111,112,Oxnard,Ventura,Oxnard_California,California,212715,198465,0.0718,3096,69,42.3,46.1,1.6,0.3,7.0,0.1,35771.0,10.3,6.6,14250,1425.0,199890.0,201315.0,202740.0,204165.0,205590.0,207015.0,208440.0,209865.0,211290.0,Oxnard,CA,211737.0,357.0,239.0,118.0
112,113,Santa Clarita,Los Angeles,Santa Clarita_California,California,210543,204213,0.031,1149,183,48.4,26.5,7.9,0.2,14.3,0.2,30798.0,17.0,7.8,6330,633.0,204846.0,205479.0,206112.0,206745.0,207378.0,208011.0,208644.0,209277.0,209910.0,,,,,,
113,114,Birmingham,Jefferson,Birmingham_Alabama,Alabama,208940,211743,-0.0132,552,378,3.7,50.4,42.4,0.2,1.5,0.0,29456.0,17.6,7.7,-2803,-280.3,211462.7,211182.4,210902.1,210621.8,210341.5,210061.2,209780.9,209500.6,209220.3,Birmingham,AL,210564.0,977.0,762.0,215.0
114,115,McKinney,Collin,McKinney_Texas,Texas,208487,132943,0.5682,1203,173,15.1,59.1,9.2,0.3,13.5,0.1,41609.0,6.9,4.3,75544,7554.4,140497.4,148051.8,155606.2,163160.6,170715.0,178269.4,185823.8,193378.2,200932.59999999998,McKinney,TX,189555.0,273.0,212.0,61.0
115,116,Port St. Lucie,St. Lucie,Port St. Lucie_Florida,Florida,206410,164843,0.2522,669,309,18.1,58.6,19.2,0.2,1.9,0.1,24940.0,16.6,7.6,41567,4156.7,168999.7,173156.4,177313.1,181469.8,185626.5,189783.2,193939.9,198096.6,202253.3,Port St. Lucie,FL,193137.0,299.0,232.0,67.0
116,117,Fayetteville,Cumberland,Fayetteville_North Carolina,North Carolina,205646,208335,-0.0129,537,383,11.2,44.6,35.5,1.2,2.4,0.2,23627.0,18.2,10.0,-2689,-268.9,208066.1,207797.2,207528.3,207259.4,206990.5,206721.6,206452.7,206183.8,205914.9,Fayetteville,NC,210117.0,582.0,428.0,154.0
117,118,Grand Rapids,Kent,Grand Rapids_Michigan,Michigan,205289,188003,0.0919,1771,116,10.3,74.4,9.3,0.3,2.8,0.0,29433.0,13.4,5.4,17286,1728.6,189731.6,191460.2,193188.8,194917.4,196646.0,198374.6,200103.2,201831.8,203560.4,Grand Rapids,MI,200428.0,335.0,276.0,59.0
118,119,Glendale,Los Angeles,Glendale_California,California,204765,191726,0.068,2595,79,48.4,26.5,7.9,0.2,14.3,0.2,30798.0,17.0,7.8,13039,1303.9,193029.9,194333.8,195637.7,196941.6,198245.5,199549.4,200853.3,202157.2,203461.1,Glendale,CA,204724.0,323.0,223.0,100.0
119,120,Rochester,Monroe,Rochester_New York,New York,203792,210452,-0.0316,2200,93,8.3,71.0,14.5,0.2,3.6,0.0,31291.0,14.8,6.6,-6660,-666.0,209786.0,209120.0,208454.0,207788.0,207122.0,206456.0,205790.0,205124.0,204458.0,Rochester,NY,207701.0,863.0,747.0,116.0
120,121,Huntsville,Madison,Huntsville_Alabama,Alabama,202910,180960,0.1213,365,555,4.7,65.1,24.0,0.6,2.5,0.1,34232.0,13.6,6.5,21950,2195.0,183155.0,185350.0,187545.0,189740.0,191935.0,194130.0,196325.0,198520.0,200715.0,Huntsville,AL,196620.0,633.0,434.0,199.0
121,122,Amarillo,Potter,Amarillo_Texas,Texas,202028,191255,0.0563,767,264,37.6,45.2,9.3,0.3,5.2,0.1,21941.0,21.7,4.2,10773,1077.3,192332.3,193409.6,194486.9,195564.2,196641.5,197718.8,198796.1,199873.4,200950.7,,,,,,
122,123,Huntington Beach,Orange,Huntington Beach_California,California,201941,191303,0.0556,2887,70,34.2,41.4,1.6,0.2,19.5,0.3,37603.0,12.1,5.8,10638,1063.8,192366.8,193430.6,194494.4,195558.2,196622.0,197685.8,198749.6,199813.4,200877.2,Huntington Beach,CA,203428.0,349.0,215.0,134.0
123,124,Spring Valley,Clark,Spring Valley_Nevada,Nevada,199722,178395,0.1195,2319,86,30.7,44.1,10.8,0.4,9.5,0.7,27719.0,14.6,8.3,21327,2132.7,180527.7,182660.4,184793.1,186925.8,189058.5,191191.2,193323.9,195456.6,197589.3,,,,,,
124,125,Cape Coral,Lee,Cape Coral_Florida,Florida,199503,154735,0.2893,727,274,20.2,68.4,8.2,0.2,1.5,0.0,30233.0,14.9,7.1,44768,4476.8,159211.8,163688.6,168165.4,172642.2,177119.0,181595.8,186072.6,190549.4,195026.2,Cape Coral,FL,187869.0,311.0,228.0,83.0
125,126,Tallahassee,Leon,Tallahassee_Florida,Florida,199205,181596,0.09699999999999999,766,260,6.1,57.2,30.7,0.2,3.3,0.0,28548.0,20.5,8.8,17609,1760.9,183356.9,185117.8,186878.7,188639.6,190400.5,192161.4,193922.3,195683.2,197444.1,Tallahassee,FL,192443.0,447.0,377.0,70.0
126,127,Yonkers,Westchester,Yonkers_New York,New York,199021,196405,0.0133,4266,47,24.0,54.4,13.5,0.1,5.8,0.0,52049.0,9.4,6.5,2616,261.6,196666.6,196928.2,197189.8,197451.4,197713.0,197974.6,198236.2,198497.8,198759.4,Yonkers,NY,202827.0,669.0,587.0,82.0
127,128,Aurora,Kane,Aurora_Illinois,Illinois,198870,198157,0.0036,1706,117,31.6,57.6,5.4,0.1,3.9,0.0,33486.0,10.4,6.2,713,71.3,198228.3,198299.6,198370.9,198442.2,198513.5,198584.8,198656.1,198727.4,198798.7,,,,,,
128,129,Grand Prairie,Dallas,Grand Prairie_Texas,Texas,198442,175979,0.1276,1060,187,39.6,30.2,22.1,0.2,6.0,0.0,29810.0,17.7,5.9,22463,2246.3,178225.3,180471.6,182717.9,184964.2,187210.5,189456.8,191703.1,193949.4,196195.7,Grand Prairie,TX,196535.0,506.0,260.0,246.0
129,130,Akron,Summit,Akron_Ohio,Ohio,198148,199003,-0.0043,1235,160,2.0,77.8,14.4,0.2,3.0,0.0,30803.0,13.6,6.4,-855,-85.5,198917.5,198832.0,198746.5,198661.0,198575.5,198490.0,198404.5,198319.0,198233.5,Akron,OH,197690.0,475.0,442.0,33.0
130,131,Little Rock,Pulaski,Little Rock_Arkansas,Arkansas,197371,193928,0.0178,635,311,6.0,53.2,35.9,0.2,2.1,0.0,29855.0,17.3,5.9,3443,344.3,194272.3,194616.6,194960.9,195305.2,195649.5,195993.8,196338.1,196682.4,197026.7,Little Rock,AR,199288.0,701.0,575.0,126.0
131,132,Montgomery,Montgomery,Montgomery_Alabama,Alabama,197282,205593,-0.0404,476,414,3.4,35.2,57.1,0.1,2.4,0.0,26712.0,20.8,7.6,-8311,-831.1,204761.9,203930.8,203099.7,202268.6,201437.5,200606.4,199775.3,198944.2,198113.1,Montgomery,AL,198662.0,566.0,474.0,92.0
132,133,Overland Park,Johnson,Overland Park_Kansas,Kansas,196636,174041,0.1298,1010,195,7.4,80.5,4.5,0.2,4.7,0.0,43061.0,5.6,3.5,22595,2259.5,176300.5,178560.0,180819.5,183079.0,185338.5,187598.0,189857.5,192117.0,194376.5,Overland Park,KS,193877.0,295.0,237.0,58.0
133,134,Augusta,Richmond,Augusta_Georgia,Georgia,196303,196192,0.0006,251,783,4.8,35.5,55.2,0.2,1.8,0.2,21464.0,24.2,11.6,111,11.1,196203.1,196214.2,196225.3,196236.4,196247.5,196258.6,196269.7,196280.8,196291.9,,,,,,
134,135,Tempe,Maricopa,Tempe_Arizona,Arizona,194218,162326,0.1965,1876,104,30.6,56.3,5.1,1.5,3.9,0.2,30186.0,15.7,6.0,31892,3189.2,165515.2,168704.4,171893.6,175082.8,178272.0,181461.2,184650.4,187839.6,191028.8,Tempe,AZ,188543.0,488.0,346.0,142.0
135,136,Sunrise Manor,Clark,Sunrise Manor_Nevada,Nevada,192934,189372,0.0188,2232,86,30.7,44.1,10.8,0.4,9.5,0.7,27719.0,14.6,8.3,3562,356.2,189728.2,190084.4,190440.6,190796.8,191153.0,191509.2,191865.4,192221.6,192577.8,,,,,,
136,137,Knoxville,Knox,Knoxville_Tennessee,Tennessee,191060,178432,0.0708,747,256,4.0,82.7,8.8,0.2,2.1,0.0,30541.0,15.8,5.5,12628,1262.8,179694.8,180957.6,182220.4,183483.2,184746.0,186008.8,187271.6,188534.4,189797.2,Knoxville,TN,188653.0,502.0,387.0,115.0
137,138,Sioux Falls,Minnehaha,Sioux Falls_South Dakota,South Dakota,190519,154526,0.2329,940,203,4.7,83.6,4.7,2.3,1.9,0.0,29551.0,11.0,3.4,35993,3599.3,158125.3,161724.6,165323.9,168923.2,172522.5,176121.8,179721.1,183320.4,186919.7,Sioux Falls,SD,180335.0,293.0,256.0,37.0
138,139,Columbus,Muscogee,Columbus_Georgia,Georgia,189296,191105,-0.0095,338,561,7.5,41.1,45.0,0.3,2.4,0.2,24604.0,21.7,10.0,-1809,-180.9,190924.1,190743.2,190562.3,190381.4,190200.5,190019.6,189838.7,189657.8,189476.9,Columbus,GA,194135.0,503.0,403.0,100.0
139,140,Mobile,Mobile,Mobile_Alabama,Alabama,186804,194577,-0.0399,517,361,2.8,57.5,35.2,0.6,1.9,0.0,24347.0,19.3,7.5,-7773,-777.3,193799.7,193022.4,192245.1,191467.8,190690.5,189913.2,189135.9,188358.6,187581.3,Mobile,AL,245475.0,715.0,494.0,221.0
140,141,Ontario,San Bernardino,Ontario_California,California,186653,164369,0.1356,1442,129,52.3,29.8,8.0,0.3,6.7,0.3,22867.0,18.2,9.9,22284,2228.4,166597.4,168825.8,171054.2,173282.6,175511.0,177739.4,179967.8,182196.2,184424.6,Ontario,CA,177542.0,381.0,280.0,101.0
141,142,Vancouver,Clark,Vancouver_Washington,Washington,186516,167622,0.1127,1477,126,9.0,79.4,1.8,0.5,4.4,0.7,32162.0,10.3,6.2,18894,1889.4,169511.4,171400.8,173290.2,175179.6,177069.0,178958.4,180847.8,182737.2,184626.6,Vancouver,WA,177580.0,258.0,205.0,53.0
142,143,Worcester,Worcester,Worcester_Massachusetts,Massachusetts,186433,181878,0.025,1927,97,10.8,77.9,4.3,0.2,4.7,0.0,34691.0,11.1,6.1,4555,455.5,182333.5,182789.0,183244.5,183700.0,184155.5,184611.0,185066.5,185522.0,185977.5,Worcester,MA,186188.0,495.0,445.0,50.0
143,144,Fort Lauderdale,Broward,Fort Lauderdale_Florida,Florida,184599,166138,0.1111,2061,90,28.4,38.2,27.4,0.2,3.5,0.0,30109.0,14.0,7.6,18461,1846.1,167984.1,169830.2,171676.3,173522.4,175368.5,177214.6,179060.7,180906.8,182752.9,Fort Lauderdale,FL,182150.0,679.0,525.0,154.0
144,145,Chattanooga,Hamilton,Chattanooga_Tennessee,Tennessee,184143,170559,0.0796,497,370,5.3,71.4,19.3,0.1,2.0,0.0,29711.0,14.5,5.9,13584,1358.4,171917.4,173275.8,174634.2,175992.6,177351.0,178709.4,180067.8,181426.2,182784.6,Chattanooga,TN,180397.0,601.0,490.0,111.0
145,146,Shreveport,Caddo,Shreveport_Louisiana,Louisiana,183819,200869,-0.0849,661,278,,,,,,,,,,-17050,-1705.0,199164.0,197459.0,195754.0,194049.0,192344.0,190639.0,188934.0,187229.0,185524.0,,,,,,
146,147,Brownsville,Cameron,Brownsville_Texas,Texas,183748,175400,0.0476,536,343,89.3,9.3,0.4,0.1,0.6,0.0,16085.0,31.2,8.0,8348,834.8,176234.8,177069.6,177904.4,178739.2,179574.0,180408.8,181243.6,182078.4,182913.2,Brownsville,TX,184461.0,299.0,197.0,102.0
147,148,Peoria,Maricopa,Peoria_Arizona,Arizona,180219,154891,0.1635,395,456,30.6,56.3,5.1,1.5,3.9,0.2,30186.0,15.7,6.0,25328,2532.8,157423.8,159956.6,162489.4,165022.2,167555.0,170087.8,172620.6,175153.4,177686.2,Peoria,AZ,170177.0,278.0,196.0,82.0
148,149,Rancho Cucamonga,San Bernardino,Rancho Cucamonga_California,California,180031,166232,0.083,1733,104,52.3,29.8,8.0,0.3,6.7,0.3,22867.0,18.2,9.9,13799,1379.9,167611.9,168991.8,170371.7,171751.6,173131.5,174511.4,175891.3,177271.2,178651.1,,,,,,
149,150,Salem,Marion,Salem_Oregon,Oregon,179944,155229,0.1592,1427,126,26.0,66.3,1.0,0.5,2.0,0.8,24791.0,15.9,6.8,24715,2471.5,157700.5,160172.0,162643.5,165115.0,167586.5,170058.0,172529.5,175001.0,177472.5,Salem,OR,172022.0,318.0,190.0,128.0
150,151,Providence,Providence,Providence_Rhode Island,Rhode Island,178901,178100,0.0045,3753,48,21.6,62.2,8.0,0.4,4.1,0.1,29025.0,16.7,7.6,801,80.1,178180.1,178260.2,178340.3,178420.4,178500.5,178580.6,178660.7,178740.8,178820.9,Providence,RI,180169.0,505.0,410.0,95.0
151,152,Eugene,Lane,Eugene_Oregon,Oregon,178329,156527,0.1393,1560,114,8.4,82.6,1.0,0.8,2.5,0.2,27032.0,18.8,7.6,21802,2180.2,158707.2,160887.4,163067.6,165247.8,167428.0,169608.2,171788.4,173968.6,176148.8,Eugene,OR,170771.0,306.0,181.0,125.0
152,153,Elk Grove,Sacramento,Elk Grove_California,California,177406,153394,0.1565,1630,109,22.8,45.7,9.5,0.4,15.1,1.1,29693.0,16.7,8.8,24012,2401.2,155795.2,158196.4,160597.6,162998.8,165400.0,167801.2,170202.4,172603.6,175004.8,Elk Grove,CA,174651.0,226.0,139.0,87.0
153,154,Santa Rosa,Sonoma,Santa Rosa_California,California,177132,175304,0.0104,1608,110,26.4,63.8,1.4,0.5,3.9,0.3,37767.0,10.7,5.9,1828,182.8,175486.8,175669.6,175852.4,176035.2,176218.0,176400.8,176583.6,176766.4,176949.2,Santa Rosa,CA,176325.0,246.0,170.0,76.0
154,155,Newport News,Newport News,Newport News_Virginia,Virginia,177064,180925,-0.0213,991,179,,,,,,,,,,-3861,-386.1,180538.9,180152.8,179766.7,179380.6,178994.5,178608.4,178222.3,177836.2,177450.1,,,,,,
155,156,Pembroke Pines,Broward,Pembroke Pines_Florida,Florida,177058,155268,0.1403,2092,85,28.4,38.2,27.4,0.2,3.5,0.0,30109.0,14.0,7.6,21790,2179.0,157447.0,159626.0,161805.0,163984.0,166163.0,168342.0,170521.0,172700.0,174879.0,Pembroke Pines,FL,173053.0,361.0,267.0,94.0
156,157,Oceanside,San Diego,Oceanside_California,California,176950,167919,0.0538,1656,107,33.4,46.2,4.7,0.4,11.5,0.4,34350.0,13.3,7.1,9031,903.1,168822.1,169725.2,170628.3,171531.4,172434.5,173337.6,174240.7,175143.8,176046.9,Oceanside,CA,177464.0,293.0,207.0,86.0
157,158,Cary,Wake,Cary_North Carolina,North Carolina,175102,137021,0.2779,1151,152,10.0,60.6,20.0,0.3,6.4,0.0,37315.0,10.1,4.9,38081,3808.1,140829.1,144637.2,148445.3,152253.4,156061.5,159869.6,163677.7,167485.8,171293.9,Cary,NC,170518.0,231.0,190.0,41.0
158,159,Fort Collins,Larimer,Fort Collins_Colorado,Colorado,172862,145267,0.19,1167,148,11.2,83.2,0.9,0.5,2.0,0.1,34087.0,12.4,5.3,27595,2759.5,148026.5,150786.0,153545.5,156305.0,159064.5,161824.0,164583.5,167343.0,170102.5,Fort Collins,CO,168163.0,302.0,207.0,95.0
159,160,Corona,Riverside,Corona_California,California,171213,153249,0.1172,1653,104,48.0,36.6,6.0,0.4,6.1,0.3,25700.0,15.6,9.9,17964,1796.4,155045.4,156841.8,158638.2,160434.6,162231.0,164027.4,165823.8,167620.2,169416.6,Corona,CA,170041.0,209.0,148.0,61.0
160,161,Garden Grove,Orange,Garden Grove_California,California,170328,171186,-0.005,3662,47,34.2,41.4,1.6,0.2,19.5,0.3,37603.0,12.1,5.8,-858,-85.8,171100.2,171014.4,170928.6,170842.8,170757.0,170671.2,170585.4,170499.6,170413.8,Garden Grove,CA,174661.0,213.0,155.0,58.0
161,162,Springfield,Greene,Springfield_Missouri,Missouri,169552,159484,0.0631,795,213,3.5,88.2,3.2,0.4,1.9,0.1,25529.0,18.5,5.0,10068,1006.8,160490.8,161497.6,162504.4,163511.2,164518.0,165524.8,166531.6,167538.4,168545.2,Springfield,MO,168537.0,409.0,335.0,74.0
162,163,Alexandria,Alexandria,Alexandria_Virginia,Virginia,165748,140740,0.1777,4285,39,,,,,,,,,,25008,2500.8,143240.8,145741.6,148242.4,150743.2,153244.0,155744.8,158245.6,160746.4,163247.2,,,,,,
163,164,Bayamon,,Bayamon_Puerto Rico,Puerto Rico,165383,185996,-0.1108,2367,70,,,,,,,,,,-20613,-2061.3,183934.7,181873.4,179812.1,177750.8,175689.5,173628.2,171566.9,169505.6,167444.3,,,,,,
164,165,Clarksville,Montgomery,Clarksville_Tennessee,Tennessee,164496,133480,0.2324,643,256,9.7,64.6,18.6,0.5,2.1,0.4,24827.0,14.2,7.5,31016,3101.6,136581.6,139683.2,142784.8,145886.4,148988.0,152089.6,155191.2,158292.8,161394.4,Clarksville,TN,156264.0,342.0,278.0,64.0
165,166,Enterprise,Clark,Enterprise_Nevada,Nevada,164314,108481,0.5147,1241,132,30.7,44.1,10.8,0.4,9.5,0.7,27719.0,14.6,8.3,55833,5583.3,114064.3,119647.6,125230.9,130814.2,136397.5,141980.8,147564.1,153147.4,158730.7,,,,,,
166,167,Hayward,Alameda,Hayward_California,California,161314,144746,0.1145,1368,118,22.5,32.2,10.7,0.3,28.7,0.8,41363.0,11.3,6.0,16568,1656.8,146402.8,148059.6,149716.4,151373.2,153030.0,154686.8,156343.6,158000.4,159657.2,Hayward,CA,162881.0,292.0,177.0,115.0
167,168,Jackson,Hinds,Jackson_Mississippi,Mississippi,160080,173738,-0.0786,556,288,1.5,25.3,71.6,0.1,0.8,0.0,22397.0,23.9,10.0,-13658,-1365.8,172372.2,171006.4,169640.6,168274.8,166909.0,165543.2,164177.4,162811.6,161445.8,,,,,,
168,169,Lakewood,Jefferson,Lakewood_Colorado,Colorado,158660,142786,0.1112,1423,111,15.2,78.7,1.0,0.4,2.7,0.1,40187.0,7.8,4.3,15874,1587.4,144373.4,145960.8,147548.2,149135.6,150723.0,152310.4,153897.8,155485.2,157072.6,Lakewood,CO,156779.0,409.0,285.0,124.0
169,170,Lancaster,Los Angeles,Lancaster_California,California,158627,156822,0.0115,650,244,48.4,26.5,7.9,0.2,14.3,0.2,30798.0,17.0,7.8,1805,180.5,157002.5,157183.0,157363.5,157544.0,157724.5,157905.0,158085.5,158266.0,158446.5,,,,,,
170,171,Hollywood,Broward,Hollywood_Florida,Florida,158239,141018,0.1221,2240,71,28.4,38.2,27.4,0.2,3.5,0.0,30109.0,14.0,7.6,17221,1722.1,142740.1,144462.2,146184.3,147906.4,149628.5,151350.6,153072.7,154794.8,156516.9,Hollywood,FL,155503.0,394.0,300.0,94.0
171,172,Palmdale,Los Angeles,Palmdale_California,California,156299,152962,0.0218,569,275,48.4,26.5,7.9,0.2,14.3,0.2,30798.0,17.0,7.8,3337,333.7,153295.7,153629.4,153963.1,154296.8,154630.5,154964.2,155297.9,155631.6,155965.3,,,,,,
172,173,Salinas,Monterey,Salinas_California,California,155619,150904,0.0312,2565,61,57.9,30.6,2.5,0.2,5.6,0.5,27168.0,14.7,6.0,4715,471.5,151375.5,151847.0,152318.5,152790.0,153261.5,153733.0,154204.5,154676.0,155147.5,Salinas,CA,158590.0,204.0,151.0,53.0
173,174,Springfield,Hampden,Springfield_Massachusetts,Massachusetts,155472,153613,0.0121,1884,83,23.9,64.1,7.8,0.1,2.2,0.0,28072.0,17.2,8.0,1859,185.9,153798.9,153984.8,154170.7,154356.6,154542.5,154728.4,154914.3,155100.2,155286.1,Springfield,MA,155179.0,552.0,489.0,63.0
174,175,Bellevue,King,Bellevue_Washington,Washington,154647,128358,0.2048,1784,87,9.5,61.4,6.0,0.5,16.5,0.8,46316.0,10.2,5.0,26289,2628.9,130986.9,133615.8,136244.7,138873.6,141502.5,144131.4,146760.3,149389.2,152018.1,Bellevue,WA,146913.0,210.0,172.0,38.0
175,176,Killeen,Bell,Killeen_Texas,Texas,153973,128980,0.1938,1090,141,24.0,47.2,21.0,0.3,2.8,0.7,25017.0,14.3,8.3,24993,2499.3,131479.3,133978.6,136477.9,138977.2,141476.5,143975.8,146475.1,148974.4,151473.7,Killeen,TX,148007.0,322.0,251.0,71.0
176,177,Kansas City,Wyandotte,Kansas City_Kansas,Kansas,153600,145883,0.0529,475,323,28.1,41.6,22.7,0.3,3.9,0.1,20192.0,21.4,8.3,7717,771.7,146654.7,147426.4,148198.1,148969.8,149741.5,150513.2,151284.9,152056.6,152828.3,,,,,,
177,178,Macon County,,Macon County_Georgia,Georgia,152519,155810,-0.0211,236,646,,,,,,,,,,-3291,-329.1,155480.9,155151.8,154822.7,154493.6,154164.5,153835.4,153506.3,153177.2,152848.1,,,,,,
178,179,Sunnyvale,Santa Clara,Sunnyvale_California,California,152427,140465,0.0852,2671,57,26.1,32.6,2.4,0.2,34.9,0.3,48689.0,8.6,5.7,11962,1196.2,141661.2,142857.4,144053.6,145249.8,146446.0,147642.2,148838.4,150034.6,151230.8,Sunnyvale,CA,155637.0,282.0,217.0,65.0
179,180,Pomona,Los Angeles,Pomona_California,California,152405,149083,0.0223,2560,60,48.4,26.5,7.9,0.2,14.3,0.2,30798.0,17.0,7.8,3322,332.2,149415.2,149747.4,150079.6,150411.8,150744.0,151076.2,151408.4,151740.6,152072.8,Pomona,CA,153496.0,269.0,146.0,123.0
180,181,Escondido,San Diego,Escondido_California,California,152245,144437,0.0541,1575,97,33.4,46.2,4.7,0.4,11.5,0.4,34350.0,13.3,7.1,7808,780.8,145217.8,145998.6,146779.4,147560.2,148341.0,149121.8,149902.6,150683.4,151464.2,Escondido,CA,153073.0,209.0,155.0,54.0
181,182,Pasadena,Harris,Pasadena_Texas,Texas,151891,149529,0.0158,1346,113,42.2,30.6,18.5,0.2,6.8,0.1,30856.0,16.8,6.4,2362,236.2,149765.2,150001.4,150237.6,150473.8,150710.0,150946.2,151182.4,151418.6,151654.8,,,,,,
182,183,Murfreesboro,Rutherford,Murfreesboro_Tennessee,Tennessee,151066,109524,0.3793,945,160,7.4,72.5,13.9,0.2,3.1,0.0,27932.0,11.8,5.1,41542,4154.2,113678.2,117832.4,121986.6,126140.8,130295.0,134449.2,138603.4,142757.6,146911.8,Murfreesboro,TN,140702.0,292.0,242.0,50.0
183,184,Naperville,DuPage,Naperville_Illinois,Illinois,149196,142388,0.0478,1484,101,14.1,67.9,4.6,0.1,11.3,0.0,42050.0,6.8,5.2,6808,680.8,143068.8,143749.6,144430.4,145111.2,145792.0,146472.8,147153.6,147834.4,148515.2,,,,,,
184,185,Joliet,Will,Joliet_Illinois,Illinois,148227,147654,0.0039,892,166,16.8,64.7,11.0,0.1,5.2,0.0,33731.0,7.4,6.0,573,57.3,147711.3,147768.6,147825.9,147883.2,147940.5,147997.8,148055.1,148112.4,148169.7,Joliet,IL,148553.0,340.0,269.0,71.0
185,186,Paterson,Passaic,Paterson_New Jersey,New Jersey,145871,146397,-0.0036,6694,22,40.5,42.0,10.6,0.2,5.2,0.0,29393.0,17.0,6.0,-526,-52.6,146344.4,146291.8,146239.2,146186.6,146134.0,146081.4,146028.8,145976.2,145923.6,Paterson,NJ,146893.0,526.0,419.0,107.0
186,187,Savannah,Chatham,Savannah_Georgia,Georgia,145754,137492,0.0601,542,269,6.3,49.1,39.4,0.2,2.5,0.1,28765.0,17.3,8.7,8262,826.2,138318.2,139144.4,139970.6,140796.8,141623.0,142449.2,143275.4,144101.6,144927.8,,,,,,
187,188,Rockford,Winnebago,Rockford_Illinois,Illinois,145020,153148,-0.0531,870,167,12.2,70.2,12.4,0.1,2.5,0.0,27297.0,15.3,10.0,-8128,-812.8,152335.2,151522.4,150709.6,149896.8,149084.0,148271.2,147458.4,146645.6,145832.8,Rockford,IL,146198.0,339.0,299.0,40.0
188,189,Midland,Midland,Midland_Texas,Texas,145012,111284,0.3031,753,193,43.2,47.3,5.9,0.4,1.8,0.0,38545.0,8.7,3.5,33728,3372.8,114656.8,118029.6,121402.4,124775.2,128148.0,131520.8,134893.6,138266.4,141639.2,,,,,,
189,190,McAllen,Hidalgo,McAllen_Texas,Texas,144279,132123,0.092,848,170,91.8,6.6,0.4,0.1,0.9,0.0,15883.0,31.8,8.1,12156,1215.6,133338.6,134554.2,135769.8,136985.4,138201.0,139416.6,140632.2,141847.8,143063.4,McAllen,TX,144363.0,427.0,285.0,142.0
190,191,Waco,McLennan,Waco_Texas,Texas,144015,125409,0.1484,626,230,25.6,56.7,14.2,0.2,1.5,0.0,24273.0,19.3,5.1,18606,1860.6,127269.6,129130.2,130990.8,132851.4,134712.0,136572.6,138433.2,140293.8,142154.4,Waco,TX,138091.0,347.0,249.0,98.0
191,192,Roseville,Placer,Roseville_California,California,143921,119795,0.2014,1261,114,13.6,73.8,1.4,0.3,6.8,0.1,39734.0,8.2,5.6,24126,2412.6,122207.6,124620.2,127032.8,129445.4,131858.0,134270.6,136683.2,139095.8,141508.4,Roseville,CA,137706.0,185.0,122.0,63.0
192,193,Torrance,Los Angeles,Torrance_California,California,143912,145183,-0.0088,2708,53,48.4,26.5,7.9,0.2,14.3,0.2,30798.0,17.0,7.8,-1271,-127.1,145055.9,144928.8,144801.7,144674.6,144547.5,144420.4,144293.3,144166.2,144039.1,Torrance,CA,146968.0,316.0,212.0,104.0
193,194,Thornton,Adams,Thornton_Colorado,Colorado,143890,119391,0.2052,1548,93,39.3,51.1,3.0,0.5,3.8,0.1,27487.0,12.2,5.1,24499,2449.9,121840.9,124290.8,126740.7,129190.6,131640.5,134090.4,136540.3,138990.2,141440.1,Thornton,CO,139697.0,313.0,233.0,80.0
194,195,Metairie,Jefferson,Metairie_Louisiana,Louisiana,143481,138481,0.0361,2382,60,,,,,,,,,,5000,500.0,138981.0,139481.0,139981.0,140481.0,140981.0,141481.0,141981.0,142481.0,142981.0,,,,,,
195,196,Miramar,Broward,Miramar_Florida,Florida,143219,122299,0.1711,1917,75,28.4,38.2,27.4,0.2,3.5,0.0,30109.0,14.0,7.6,20920,2092.0,124391.0,126483.0,128575.0,130667.0,132759.0,134851.0,136943.0,139035.0,141127.0,Miramar,FL,143103.0,290.0,215.0,75.0
196,197,Bridgeport,Fairfield,Bridgeport_Connecticut,Connecticut,143010,144858,-0.0128,3437,42,19.0,62.8,10.4,0.1,5.1,0.0,53433.0,8.8,7.6,-1848,-184.8,144673.2,144488.4,144303.6,144118.8,143934.0,143749.2,143564.4,143379.6,143194.8,Bridgeport,CT,146819.0,445.0,392.0,53.0
197,198,Olathe,Johnson,Olathe_Kansas,Kansas,142841,126249,0.1314,895,160,7.4,80.5,4.5,0.2,4.7,0.0,43061.0,5.6,3.5,16592,1659.2,127908.2,129567.4,131226.6,132885.8,134545.0,136204.2,137863.4,139522.6,141181.8,Olathe,KS,139154.0,211.0,182.0,29.0
198,199,Denton,Denton,Denton_Texas,Texas,142173,117058,0.2146,570,249,19.1,60.9,9.1,0.3,7.8,0.1,37928.0,8.4,4.5,25115,2511.5,119569.5,122081.0,124592.5,127104.0,129615.5,132127.0,134638.5,137150.0,139661.5,Denton,TX,139262.0,227.0,174.0,53.0
199,200,Surprise,Maricopa,Surprise_Arizona,Arizona,142049,117674,0.2071,508,280,30.6,56.3,5.1,1.5,3.9,0.2,30186.0,15.7,6.0,24375,2437.5,120111.5,122549.0,124986.5,127424.0,129861.5,132299.0,134736.5,137174.0,139611.5,Surprise,AZ,136611.0,193.0,139.0,54.0
